|sports|,|sports fitness buy now: $700.0 nos tony hawk powell peralta street hawk og skateb... URL URL|
|sports|,|basketball undressing gif pornvideos roleplay_sex fucked URL|
|sports|,|AT_USER now back to the weather with adam. it's very hot down here. now back to lucy with sports cage wrestling! URL|
|sports|,"|persons leads ball state past eastern kentucky in ot, 91-86 URL|"
|sports|,|gonanza defeats south carolina finalfour ncaa sports ncaachampionship nationalchampionship via AT_USER URL|
|sports|,"|the previous captain of iran's football (soccer) team, and one of their current world cup midfielders, is christian. funidiom <onrzhw>|"
|sports|,|scotland: shelley kerr to replace anna signeul after euro 2017 URL scotland URL|
|sports|,"|AT_USER AT_USER absolutely - proper football venues, mind the old den was a bit scary|"
|sports|,|the big splurge: indoor basketball courts for true hoops fans (9 photos) URL|
|sports|,|reality anonymous university anal hotel moms sexy sports jackson damnnearnaked URL|
|sports|,|AT_USER can join yoshi in football purgatory.|
|sports|,|lakers wire: 10 things to know: lakers vs. grizzlies (4/2/17) URL URL lakers|
|sports|,|little prospect of truce as o'neill dispute with koeman rumbles on ef URL|
|sports|,|oppose checkatradetrophy b teams. oppose mr harvey's mismanagement of the efl. oppose pl dominance of english football. bteamboycott|
|sports|,|a new concept in sports apps! URL URL|
|sports|,|well he changed the game alright... URL|
|sports|,"|we love creating happy memories and big smiles. glad to hear you enjoyed our rugby themed sports party, happy... URL|"
|sports|,|mens xxl nike sphere dry 2006-07 knvb netherlands away soccer jersey URL URL|
|sports|,|report: west ham united interested in signing jack wilshere URL (source: sports mole)|
|sports|,|baseball: japanese baseball linescores (april 2) URL japannews|
|sports|,|AT_USER AT_USER AT_USER AT_USER AT_USER but still sad to characterise a nation on football thugs.|
|sports|,|fucked my knee at basketball can't even walk|
|sports|,|great work from john and his team. shame he isn't the new homeless tsar for liverpool. URL|
|sports|,|AT_USER just take a moment and think about your fav team about to get knock off by bulls hahaha URL|
|sports|,|champions! i just guided cebz united to 1st place in non-league c URL [free edition]|
|sports|,|buttslut porntube doubel soccer sexual hotwomen URL|
|sports|,|a sprinkle of magic avfc URL|
|sports|,|barber's last game for the new york football giants. unbelievable. URL|
|sports|,|sleep?!? never heard of it nba ballislife|
|sports|,|march asian muscles fresno pornvideo camshows naughty chaturbate pussy sports URL|
|sports|,|URL mens size 10.5 under armour highlight clutch fit zebra print football cleats|
|sports|,"|AT_USER 1/2 really sorry to hear this, i'm afraid services are extremely busy today with football fans travelling.|"
|sports|,|do they catch the dog in the end? what freedom feels like. URL|
|sports|,|URL nike alpha shark men's black 719952 002 football cleats shoes sz 11.5 us|
|sports|,|latest football news: origi believes liverpool can win every remaining game URL|
|sports|,|can you all at i have be jennnnnnnnnnnnnnnnnnnaaaaa URL|
|sports|,|latest football news: eddie howe believes his cherries should have won with the quality of chances created URL|
|sports|,|latest football news: west brom boss tony pulis delighted with man utd point URL|
|sports|,|but isn't that the same thing? URL|
|sports|,"|with a game of basketball, girls dribble around extremism in somalia - URL|"
|sports|,|latest football news: paul pogba back in training for man utd URL|
|sports|,"|with a game of basketball, girls dribble around extremism in somalia... URL|"
|sports|,|latest football news: man utd midfielder marouane fellaini: we're all disappointed URL|
|sports|,|AT_USER AT_USER thankfully it's not like scottish football|
|sports|,|vote for football so i can win|
|sports|,|latest football news: shakespeare proud to make premier league history after leicester win URL|
|sports|,|college football boy gay porn and black college masturbate holy bullshit URL|
|sports|,|i liked a AT_USER video URL ball brothers looking to change basketball | ball or fall | sc featured|
|sports|,|latest football news: klopp issues injury update on sadio mane URL|
|sports|,|mourinho pulls no punches with united attack URL|
|sports|,|latest football news: mails: so does barkley get the neil taylor treatment? URL|
|sports|,|court sacks abubakar mahmoud as president of nba URL via AT_USER newspaper|
|sports|,"|watch rubio nu - guarani asuncion soccer livestream april 02, 2017 URL live stream watch online|"
|sports|,|good morning AT_USER i'd appreciate it if you include badminton in the annual sports tournaments & have us assembling teams for it. thanks|
|sports|,|college basketball paradise is calling and i just answered the AT_USER call! URL|
|sports|,|AT_USER i love my sweet heart brother. in cricket world. god of master blaster|
|sports|,|shop now phonecover clear phone cases basketball phone cover for iphone URL|
|sports|,"|list of veterans day parades, events, offers, and deals - wowk 13 charleston, huntington wv news, weather, sports here are some of the ...|"
|sports|,|dallas mavericks rustic solid cedar panoramic framed nba man cave print URL URL|
|sports|,|nba basketball 2014-2015 panini gilded graphs kevindurant 3/10 auto URL URL|
|sports|,|south american football news : maxi rodriguez's exquisite volley for newell's|
|sports|,"|this is a disgrace. the fa and clubs stalling re inquiries. ""the football child abuse scandal just keeps on growing"" URL|"
|sports|,|AT_USER fifa 17 stopping for sec lot time trust me it my connection i never had this prob like this now 2 months cant sort it|
|sports|,|community: the AT_USER easter multi-sport/ football sessions start tomorrow (monday). book now! > URL rafc|
|sports|,|chelsea v crystal palace player ratings URL|
|sports|,|100k views in 12 hours on our new AT_USER video URL|
|sports|,|check out sexy swimsuit plus-size models on sports illustrated! URL|
|sports|,|nba men's throwback portland trailblazers warm up URL basketball|
|sports|,|unc defeats oregon to advance to nationalchampionship game URL via AT_USER nba lwos lwhoops marchmadness|
|sports|,|@ football fans who shout in train stations: stop it|
|sports|,|nba adidas trefoil nba orlandomagic dwight howard white swingman jersey size s URL bestseller deals|
|sports|,|stop playing sport sports and watch a new movie (2017) here: URL URL|
|sports|,|nba magic vintage 1995 nba finals houston rockets vs orlandomagic tshirt l shaq 90s URL bargains forsale|
|sports|,|basketball magic vintage 1995 nba finals houston rockets vs orlandomagic tshirt l shaq 90s URL auction cheap|
|sports|,"|mbappe is a virgin too, playing football at an age where he should be on ft with a name like 'clinicalfalcao' 'mendycross' 'classybernardo|"
|sports|,|nba trailblazers men's throwback portland trail blazers warm up URL sales discount|
|sports|,|stop playing sport sports and watch a new movie (2017) here: URL URL|
|sports|,|stop playing sport sports and watch a new movie (2017) here: URL URL|
|sports|,|german football highlights : ancelotti 'totally convinced' by out of form muller|
|sports|,|sports bar williamsburg want to buy a car but have bad credit|
|sports|,|AT_USER go on sky sports score centre and click on videos at the bottom|
|sports|,"|top 10 nba plays of the night: march 26, 2017 URL|"
|sports|,|23 pictures to be proud of URL pusb|
|sports|,|23 pictures to be proud of URL pusb|
|sports|,|23 pictures to be proud of URL pusb|
|sports|,|23 pictures to be proud of URL pusb|
|sports|,|if you americans impeach trump i promise never to make fun of your spelling again. i'll also be relatively nice about your sports.|
|sports|,"|oh, seems like there's some more sports other than rvv imafricanchamps AT_USER bringiton URL|"
|sports|,|ncaa - euro-watch: proud moment for AT_USER and AT_USER 21 points from AT_USER were not enough URL|
|sports|,|kashima antlers has reached the 200 victories in away games last night antlers URL|
|sports|,|news: kildare sunday morning sports headlines URL|
|sports|,"|oh my wow. great ladies doubles match on. indian open, star sports 2 now. badminton|"
|sports|,|about to board the graps train to mysacrifice apparently there's a football match today URL|
|sports|,|i added a video to a AT_USER playlist URL baseball: pitching drill for junior league players episode 2|
|sports|,|some sheds on wheels trundling down the m1 packed to the brim with football supporters. mainly coventry but this is brilliant oufc ccfc|
|sports|,"|AT_USER hey there if your interested in making more coins, tips or tricks or any fifa concept glitches dm me thanks!|"
|sports|,|baseball: pitching drill for junior league players episode 2: URL via AT_USER|
|sports|,|all sorts going on in our chelsea transfer round-up cfc URL|
|sports|,|check out football t-shirt ladies neon orange knit top stretch lg casual wear sporty new blouse URL via AT_USER|
|sports|,"|big news, soccer fans: colorado will host next world cup qualifying match for u.s. men's national soccer team URL|"
|sports|,"|i liked a AT_USER video URL orlando magic vs brooklyn nets - full game highlights | april 1, 2017 | 2016-17 nba|"
|sports|,"|AT_USER AT_USER one guards only guards , the other guards every position|"
|sports|,|baseball has arrived! how about that? URL|
|sports|,"|AT_USER hey there if your interested in making more coins, tips or tricks or any fifa concept glitches dm me thanks!|"
|sports|,|franklin sports street roller hockey ball puck for hot weather high density URL|
|sports|,|AT_USER yeah and he played like fifa keeper on amateur mode lol|
|sports|,|the football child abuse scandal just keeps on growing URL|
|sports|,|basketball team composed of autistic children set up in china URL|
|sports|,|purair 5 ductless fume hood miami beach sports bar|
|sports|,|off to watch the nephew's football match|
|sports|,|surely this was a wind up?! URL|
|sports|,"|easton mako legacy 12"" baseball glove mklgcy1200dbg URL URL|"
|sports|,|check out sport backpack actual soccer leather fully padded back panel shoulder straps zumer URL via AT_USER|
|sports|,|area baseball: gonzaga earns doubleheader split at pepperdine URL|
|sports|,"|AT_USER hey there if your interested in making more coins, tips or tricks or any fifa concept glitches dm me thanks!|"
|sports|,|tiffany florida amateur sports golf championships soccer URL|
|sports|,"|here's buckley hill, grassroots football and the best of reds and blues AT_USER AT_USER liveve URL|"
|sports|,|she won't love me when i tease her about her football team choking again xd URL|
|sports|,|lol @ allegri URL|
|sports|,"|AT_USER hey there if your interested in making more coins, tips or tricks or any fifa concept glitches dm me thanks!|"
|sports|,|pitso: maybe the own goal was the only way chiefs could beat us - soccer laduma URL|
|sports|,|myth: warm up can increase vertical jump! true or false? nba see at : URL URL|
|sports|,"|the open net: in front of a live audience, sports in jacksonville|"
|sports|,|02/04/17 10:09... walking 10.6 km in 01:06:26 URL tracked with sportstracker|
|sports|,|medical insurance software nbc sports network fios|
|sports|,|AT_USER damn|
|sports|,"|AT_USER hey live, have you got a chance to look at japan baseball|"
|sports|,|what a beautiful day for football it's probably still going to be -20 up at the 7 acres though. hahaa football son letham xxxx|
|sports|,|2017 ice hockey world championship division i a in ukraine kiev starts in 20 days iihf AT_USER URL|
|sports|,|ebaysnkrdeals adidas davicto iv trx fg-g42028 mens fg soccer shoe- choose sz/color. URL|
|sports|,|imagine agreeing to a football match this morning|
|sports|,|fc edmonton open north american soccer league season on the road URL URL|
|sports|,"|cricket illawarra junior presentation u/14a premiers northern districts j churchward, r empson, b fien, h... URL|"
|sports|,|ebaysnkrdeals adidas ussh1603069228 nite jogger + mens soccer cleats sz us 11 URL|
|sports|,|new post (pacific regional championship) has been published on news live today - URL URL|
|sports|,|ebaysnkrdeals nike air huarache elite ii tb basketball shoes mens size 11.5 white/red/silver URL|
|sports|,|AT_USER AT_USER that's not funny. let the man play baseball.|
|sports|,"|AT_USER AT_USER hey there if your interested in making more coins, tips or tricks or any fifa concept glitches dm me thanks!|"
|sports|,|found this in 'football monthly' from january 1966. maybe one for AT_USER URL|
|sports|,|soccer livescore: (chn-cl1) shaanxizhongchanba vs lijiangjiayunhao: 0-0. match finished ...|
|sports|,|can you all at i have be jenna lindsay the iha lindsay and all tje next jennas of the 21st century URL|
|sports|,|basketball livescore AT_USER (eur-) enisey krasnoyask vs bc astana tigers: 20-12 ...|
|sports|,|its been 7months since i played football on a pitch|
|sports|,|sunderland (home) bradford city (away) 29/03/86 (roker park) football programme URL URL|
|sports|,|basketball livescore AT_USER (phi-) rain or shine paint. vs alaska aces: 44-49 ...|
|sports|,"|AT_USER hey there if your interested in making more coins, tips or tricks or any fifa concept glitches dm me thanks!|"
|sports|,|gtfoh! unless he's counting in nairas URL|
|sports|,"|again, bashiru hayford is soap opera. URL|"
|sports|,|AT_USER of course... we waiting her performance in a big football match|
|sports|,"|going to my first hockey match tomorrow. apparently it's creepy to be vying for blood, but it's all i wanna see.|"
|sports|,|you pick players who are in form and he deserved his chance after out regular t20 openers are suspended wivspak URL|
|sports|,|check out sport backpack actual basketball leather fully padded back panel shoulder straps zumer URL via AT_USER|
|sports|,|omg!!! going clear phone cases basketball phone cover for iphone URL|
|sports|,|soccer livescore: (chn-cl1) shaanxizhongchanba vs lijiangjiayunhao: 0-0. match finished ...|
|sports|,|diet plans that work for weight loss lexus sports sedan|
|sports|,|class is permanent. lovely synopsis here of what we may have in store this summer and beyond. URL|
|sports|,|lovely weather for an afternoon at the football|
|sports|,"|AT_USER hey there if your interested in making more coins, tips or tricks or any fifa concept glitches dm me thanks!|"
|sports|,|AT_USER AT_USER honourable football men. a world away from the greedy agent driven transfer system we now have.|
|sports|,|is the hockey team that play in edmonton called the oilers? is that right?|
|sports|,|report: west ham united interested in signing jack wilshere URL (source: sports mole)|
|sports|,|celtic plot sensational swoop for on-loan rangers star emerson hyndman URL|
|sports|,|terry felton autograph 1983 fleer 612 minnesota twins by autographed baseball cards URL|
|sports|,|the latest sports coaching international! URL thanks to AT_USER nba nhl|
|sports|,|some of the football grounds from the town where tfs came from. stay safe everyone. URL|
|sports|,"|tis a beautiful day for some football, off to wembley! pusb AT_USER|"
|sports|,|everything you need to know about the 2017 ncaa basketball championship game - bleacher report ... URL|
|sports|,"|AT_USER hey there if your interested in making more coins, tips or tricks or any fifa concept glitches dm me thanks!|"
|sports|,"|flyers' neuvirth collapses, but is 'alert;' colin mcdonald gives team a lift URL via AT_USER|"
|sports|,|what do i really need in life right now? timmies and playoff hockey.|
|sports|,|rock climbing climber platinum style men\'s flex baseball cap URL URL|
|sports|,|martin keown: this man will be disappointed after chelsea v crystal palace URL|
|sports|,"|AT_USER hey there if your interested in making more coins, tips or tricks or any fifa concept glitches dm me thanks!|"
|sports|,|kicc 119/8 after 22 overs against aziz damani uganda cricket URL|
|sports|,|like father like son URL|
|sports|,|AT_USER AT_USER AT_USER URL trolled|
|sports|,|AT_USER AT_USER he is god of cricket for me.|
|sports|,|mono thewphaingarm 71:69 mono vampire basketball club on URL URL URL|
|sports|,"|this is my team, build and share yours at URL URL afc_v_mcfc via AT_USER|"
|sports|,"|mitch vingle: wvu's jovon durante, spring football notes; jim crutchfield; tony caridi (via gazette-mail) URL|"
|sports|,"|AT_USER hey there if your interested in making more coins, tips or tricks or any fifa concept glitches dm me thanks!|"
|sports|,|tracy mcgrady tried his very best to turn back the clock in the nba celeb game tracymcgrady tracymcgrady URL|
|sports|,|alright calm the fuck down greg its just soccer URL|
|sports|,|AT_USER tired of your dusty state fr fr URL|
|sports|,"|AT_USER hey there if your interested in making more coins, tips or tricks or any fifa concept glitches dm me thanks!|"
|sports|,|i treat basketball like it is my job.|
|sports|,|i'm earning mplusrewards in learn n earn - baseball. URL|
|sports|,"|oh, seems like there's some more sports other than rvv imafricanchamps otillohvar AT_USER bringiton URL|"
|sports|,|for old people retirement is dying - wenger URL via AT_USER popular URL|
|sports|,|autographed le'veon bell steelers helmet fanatics authentic coa item6859951 URL pittsburgh steelers football|
|sports|,|check out: paul cude: sports playing dragons attempt to save the world URL teenfantasy yalit teenfiction|
|sports|,|AT_USER wheelchair rugby team have their first game at home today sirius sports hall 2pm ko if anyone wants to come and watch|
|sports|,|autographed le'veon bell steelers helmet fanatics authentic coa item6859952 URL pittsburgh steelers football|
|sports|,|men's forever collectibles pittsburgh steelers camo flip flops - xl 13-14 nwt URL pittsburgh steelers football|
|sports|,"|definitely still not over the fact that, after 108 years, my favorite sports team won a championship. like. holy cow.|"
|sports|,|top trumps happy families 2006 football world cup ukraine game card URL URL|
|sports|,|football soccer player gets wanked his huge cock by us! URL|
|sports|,|pep: i came here to win titles URL URL|
|sports|,"|tom watson - golf - sports illustrated - june 4, 1979 - si by sports illustrated URL|"
|sports|,|nba 2k17 - cleveland cavaliers vs. golden state warriors [1080p 60 fps] URL via AT_USER|
|sports|,"|AT_USER hey there if your interested in making more coins, tips or tricks or any fifa concept glitches dm me thanks!|"
|sports|,|ethiopia: sport - jimma aba buna football club | ethiopia | URL|
|sports|,|those two northwestern football games announced for fridays? they're now set for saturdays URL|
|sports|,|basketball later|
|sports|,|what a season! i just guided jets united to 2nd place in the prem URL [pro edition]|
|sports|,|new on ebay! fifa 16 deluxe edition (ps4) uk URL URL|
|sports|,|great bubble football session for chloe blands birthday! host jakob URL|
|sports|,|where has this team been? football: wellington phoenix keep slim a-league playoff hopes alive URL via AT_USER|
|sports|,"|equipos ""on fire"" ahora mismo en la nba: - warriors - blazers - bucks - celtics - raptors|"
|sports|,|euc - nike arizona wildcats basketball jersey and shorts - large (l) - 13 URL arizonawildcats zonazoo|
|sports|,"|AT_USER hey there if your interested in making more coins, tips or tricks or any fifa concept glitches dm me thanks!|"
|sports|,|booty webcamcutie black glasses after chubby amazing alicante sports porn URL|
|sports|,|a collection of four microstars football figures 2006 URL URL|
|sports|,|premier league fantasy football tips: who to pick and who to... premierleague URL premierleague|
|sports|,|the pinnacle sports center in victor is so nice wtf|
|sports|,|nba greats - lebron james poster art URL|
|sports|,"|our kid's to see the niece, cafe for breakfast, soccer sens, fortress cp to watch the mighty reds, fields to round it off sundayplan rrtr|"
|sports|,|new post: best football predictions for 2nd of april 2017 URL|
|sports|,|can someone please sponsor me with AT_USER i beg URL|
|sports|,"|AT_USER AT_USER AT_USER AT_USER i've supported arg since aged 5, i've witness the fall of south american football.|"
|sports|,|he the best .da kid URL|
|sports|,"|AT_USER hey there if your interested in making more coins, tips or tricks or any fifa concept glitches dm me thanks!|"
|sports|,|mojada sports amateursextapes porngifs milfporn phantom danger latinapornmovies URL|
|sports|,|dskcrz AT_USER has the least ast pg in the league (14.2) and 2nd most 3pa pg (24.1) after real. blatt taking the nba approach.|
|sports|,|AT_USER feel like we need nigel owens as a guest on soccer am ???|
|sports|,|brazil football (soccer) body paint URL|
|sports|,|raheem sterling confident manchester city can secure champions league spot URL|
|sports|,|exclusive: ariel winter sports sheer dress at 'smurfs: the lost village' premiere: 'feel good about yourself' ... URL|
|sports|,|check out sport backpack actual football leather fully padded back panel shoulder straps zumer URL via AT_USER|
|sports|,|mississippi st. vs south carolina - di women's basketball | URL URL|
|sports|,|sexual anal dancing analtube brazzersvideo dating swallows boobsarethegreatest sports parody URL|
|sports|,|i added a video to a AT_USER playlist URL how to download fifa 16 full version for pc (no crack)|
|sports|,|baseball season is back. finally. time to end this cubs reign and bring back the curse. stlcards|
|sports|,|he also recently got medals for some basketball and table tennis. he's far better at sports than i am!|
|sports|,|AT_USER lol you're gonna reach the first division when fifa 18 drops and then you'll have to start all over|
|sports|,|AT_USER AT_USER they aren't classed as cdms when you play in the oppositions half. back to fifa with you.|
|sports|,|mcfarlane nfl series 34 eddie lacy - green bay packers sports picks figure URL URL|
|sports|,|what a day it was for the indian cricket AT_USER !! wonderful feeling for every proud indian . thanks guys for giving it to us AT_USER|
|sports|,|URL i have tickets for this event if anyone wants to support the cause disability sports charitychallenge AT_USER|
|sports|,"|when the women on the national hockey team started a protest for fair pay, they had no idea it would become a... URL|"
|sports|,|holy fucking shit baseball starts today.|
|sports|,"|mlb opening day tv schedule: what time, channel are sundays games 4/2/17? URL URL|"
|sports|,|AT_USER AT_USER the AT_USER is discriminating against octogenarian football players.|
|sports|,|justin jackson my favorite player in college. hope he turns out good in nba . has lot potential.|
|sports|,|soccer holland scratch: scratch ajax amsterdam/feyenoord rotterdam under 3 goals - scratch|
|sports|,|AT_USER okay dude chris colfer is an influential dude calm down greg its just soccer|
|sports|,|AT_USER are you doing football today|
|sports|,"|ucf knights to host youth football camp june 10, sign ups for the camp underway|"
|sports|,|don't gamble > trade sports > URL *** new professional sportstrader mlbbetting nflbetting nhlbetting tennisbetting|
|sports|,|sexy girls in football jerseys pic pussy URL|
|sports|,|listening to AT_USER before football training to get me in the mood|
|sports|,|prep girls basketball: madison edgewood's estella moschkau named all-area player of the year - wiscnews URL|
|sports|,|i really don't understand how delivery men are fat. i've done more exercise this weekend than i've done since i played sports at uni.|
|sports|,|watch oshawa generals vs sudbury wolves hockey live URL live stream watch online|
|sports|,"|38 premier league footballers and their first ever fifa cards, including pogba, hazard and vardy URL efc|"
|sports|,"|AT_USER hey there if your interested in making more coins, tips or tricks or any fifa concept glitches dm me thanks!|"
|sports|,|sports direct increases debenhams stake to 16% URL|
|sports|,|what a day it was for the indian cricket AT_USER !! wonderful feeling for every proud indian .thanks guys for giving it to us AT_USER|
|sports|,|psg midfielder verratti to discuss future at end of season URL|
|sports|,"|abia warriors' pitch won't allow abs to play good football, laments makinwa URL trenchardhub URL|"
|sports|,|sure match: torino-udinese - 02.04.2017: bet on torino at marathonbet 1.91 - seriea URL|
|sports|,|puts a new spin on hockey's tough talk about foreign buyers; he just ensured they could wash their money faster. URL|
|sports|,|delete this real madrid did it first URL|
|sports|,"|AT_USER hey there if your interested in making more coins, tips or tricks or any fifa concept glitches dm me thanks!|"
|sports|,|the football child abuse scandal just keeps on growing URL URL|
|sports|,|eden hazard hints he'll be at chelsea next season URL URL|
|sports|,|dunno about how the entire wheel of hockey dad|
|sports|,|1957-58 topps hockey card# 24 eric nesterenko (chicago black hawks) super nice! URL URL|
|sports|,|the football child abuse scandal just keeps on growing URL follow for more URL|
|sports|,|the football child abuse scandal just keeps on growing URL URL|
|sports|,|the football child abuse scandal just keeps on growing URL URL|
|sports|,|the football child abuse scandal just keeps on growing URL URL|
|sports|,|nashville predators v st. louis blues hockey live stream URL live stream watch online|
|sports|,"|AT_USER AT_USER AT_USER AT_USER eng youth team is more impressive than arg today, asian football is catching up too|"
|sports|,|the football child abuse scandal just keeps on growing URL <-- full article URL|
|sports|,"|basketball: syracuse, n. carolina reach final four northcarolinabasketball URL URL|"
|sports|,|the football child abuse scandal just keeps on growing URL URL|
|sports|,|the football child abuse scandal just keeps on growing URL URL|
|sports|,|the big splurge: indoor basketball courts for true hoops fans (9 photos) URL|
|sports|,|ice haus what channel is fox sports south on directv|
|sports|,|watching kids football and listening to the 30 odd 'parent experts' is unbelievable.|
|sports|,|how's that going for you mate alright ?? enjoying it ?? nufc URL|
|sports|,|04-02 a sports fisherman tries his luck despite freezing... URL URL|
|sports|,|1957-58 topps hockey card1 real chevrefils (boston bruins) tough first card! URL URL|
|sports|,|i am moving the hockey game?|
|sports|,|tattoo tongue culona soccer bareback abilene ray URL|
|sports|,|AT_USER AT_USER the football whisperer!!!!|
|sports|,|phoenix stay in hunt for a-league finals berth with upset of melbourne victory URL URL|
|sports|,|phoenix stay in hunt for a-league finals berth with upset of melbourne victory URL URL|
|sports|,|1 oregon state baseball clinches series vs 11 stanford URL damcity URL|
|sports|,|check out sport backpack actual baseball leather red baseball stitching fully padded back zumer URL via AT_USER|
|sports|,|AT_USER AT_USER yes. i base this vote solely on the fact that i'm sick of seeing viagra commercials when i'm watching college sports.|
|sports|,|you know this!!! URL|
|sports|,"|in sports , teams win and individuals dont|"
|sports|,|too early to be drunk. lol URL|
|sports|,|chelsea v crystal palace player ratings URL cfc|
|sports|,|to barack and a joy get this wonderful campaign and give those football dreams.|
|sports|,|least expected things the nba banned URL URL|
|sports|,"|football sunday's, let's be having you wexford eagles|"
|sports|,|oneill mutant wetsuit review 4/3 & 5/4mm newest version - pleasure URL URL URL|
|sports|,"|nike jordan 3 ""football"" URL|"
|sports|,|baseball: japanese baseball linescores (april 2) URL|
|sports|,|championship reflections: lebanon boys basketball - valley news URL|
|sports|,|inside the numbers of the 2017 ncaa basketball championship - bleacher report URL|
|sports|,|sports direct increases debenhams stake to 16% - bbc news URL|
|sports|,"|how unc survived final, frenetic seconds against oregon and advanced to championship game URL|"
|sports|,|AT_USER football is everyone's game. i enjoy AT_USER but AT_USER football is a male game.|
|sports|,|AT_USER not really a football fan. don't hate it though.|
|sports|,|michigan lingerie whorelife yes seventeen argentina sex salzburg basketball milf URL|
|sports|,"|AT_USER hey there if your interested in making more coins, tips or tricks or any fifa concept glitches dm me thanks!|"
|sports|,|what a day it was for the indian cricket AT_USER !! wonderful feeling for every proud indian . thanks guys for giving it to us AT_USER|
|sports|,|fantasy basketball performances for 04-01-2017 URL|
|sports|,|football clearly isn't for you is it scott ? URL|
|sports|,|AT_USER any tips for starting basketball at a relatively old age (15) not trying to go anywhere but still want to be kinda nice|
|sports|,|strange how keep getting season ticket renewal emails when didn't even have 1 this season for basketball so won't be renewing|
|sports|,|wenger speaks to the modern malaise of work. URL|
|sports|,|coming up: blancpain sprint series motor sports - misano on bt sport espn|
|sports|,|AT_USER why do you even try to block football highlights.a billion ways to watch still ;)|
|sports|,|rakhine united football club vs. chin united football club myanmar national league week 10 URL|
|sports|,"|pl football, tennis, boxing, ncaa basketball, wwe - this is turning into one of the biggest weekends ever!|"
|sports|,"|AT_USER you forgot the revision of cricket terms...batsman, maiden over ,nightwatchman and the racist chinaman ....|"
|sports|,"|AT_USER hey there if your interested in making more coins, tips or tricks or any fifa concept glitches dm me thanks!|"
|sports|,|earlwood wanderers football club making football special for everyone with the commencement of their football4all... URL|
|sports|,|retweeted carolina basketball (AT_USER we're going back to the nationalchampionship!!! getintoit... URL|
|sports|,|alam mo ba na miss na kita and u need 2 balik soccer kay i need 2 watch ur games jud|
|sports|,|AT_USER AT_USER that and nba jam were my basketball fix as a child.such fun.|
|sports|,|can opening day for baseball happen already|
|sports|,|AT_USER AT_USER legendary t-mac!!!|
|sports|,|steal of the night: archie goodwin topplays URL|
|sports|,"|nba playoffs 2016 scores: san antonio spurs, atlanta hawks take 2-0 series leads sanantoniospurs spurs spurs URL|"
|sports|,"|AT_USER hey there if your interested in making more coins, tips or tricks or any fifa concept glitches dm me thanks!|"
|sports|,|i just checked in at cricket wireless with mplaces download today and find your nearest store to earn mpoints! URL|
|sports|,|why you say that URL|
|sports|,"|AT_USER AT_USER thanks so much m. running around with football training (not me, sadly).|"
|sports|,"|if i had listened to criticism by media, i'd have left cricket 6 or 7 years ago"" : misbah-ul-haq - see more at: URL|"
|sports|,|sachin tendulkar has an app for all you cricket lovers! AT_USER AT_USER AT_USER 100mb URL|
|sports|,|love hockey grab your own .hockey domainname and talk about the nhldraft URL|
|sports|,|gameday! rwbtfc ladies welcome AT_USER development to the gerard buxton sports ground this afternoon (2pm kick off)|
|sports|,|we've taken 3 bets in the premierleague today. here they are - URL football betting tips epl swans mcfc|
|sports|,|real world football s&c gym programs are based on rehabilitation & making players robust enough to deal with the demands of the game|
|sports|,|sunday's football live from AT_USER swansea city football club v middlesbrough (13:30pm) and arsenal v man city (16:00pm)|
|sports|,|indian premier league tips and predictions team-by-team guide to the 2017 ipl season. URL|
|sports|,|indian premier league tips and predictions team-by-team guide to the 2017 ipl season. URL|
|sports|,|baseball: japanese baseball linescores (april 2) URL usedcar japan|
|sports|,|indian premier league tips and predictions team-by-team guide to the 2017 ipl season. URL|
|sports|,|i wish i could wear just a sports bra & shorts to my gym but im too damn curvey so its too 'sexual|
|sports|,|off to watch some sunday morning football! also known as real football. grassroots pride passion loveofthegame|
|sports|,"|figure consciouse, rise of datascientists in cricket URL|"
|sports|,|cracking live football at wheelwrights today...... URL|
|sports|,|football talk: harry souttar has no regrets leaving dundee united for stoke. URL URL|
|sports|,|download volt vocabulary app: URL quotes kapildev cricket england englishvocabilary... URL|
|sports|,|cracking live football at wheelwrights today...... . find out more here: URL|
|sports|,"|figure consciouse, rise of datascientists in cricket URL|"
|sports|,|the times of india - india - indian women's hockey team beat uruguay 4-2 in shootout - URL|
|sports|,|i wish i could wear just a sports bra & shorts to my gym but im too damn curvey so its too 'sexual|
|sports|,|get this ebook this morning: '107 crazy baseball': find it at URL freekindlebooks amreading|
|sports|,|1.30pm skysports football pub swansea vs middlesbrough AT_USER twickenham. find out more here: URL|
|sports|,|the billy bodin magic lights up bristolrovers as the play off hunt continues - the in-depth look at yesterday URL|
|sports|,|county senior football (ladies): lidl nfl division 1 cork v donegal in mallow at 12noon. the ladies make the... URL|
|sports|,|manchester united agree transfer deal with premier league club for striker mufc manutd URL|
|sports|,"|eagles on the up, says rejuvenated benteke cfc URL|"
|sports|,|showing AT_USER sunbury pub sport football skysports. find out more here: URL|
|sports|,"|final four 2017 predictions: national title game picks, lines for unc vs. gonzaga sportsnews URL|"
|sports|,|premier league betting odds: which sides are tipped to secure top four finish? mufcnews URL|
|sports|,|clippers expect a. rivers to miss remainder of season nba URL|
|sports|,|prem here we come! i just guided newport city to 2nd place in the champ URL|
|sports|,"|baseball, it is said, is only a game. true. and the grand canyon is only a hole in arizona. not all holes, or g... URL|"
|sports|,|would you like a free health check? come along to tredegar sports centre from 4th - 7th april! to book your... URL|
|sports|,|today's sports picks are posted by our top cappers! buy now! URL|
|sports|,|payet is back to doing what he does best! whufc marseille ftb football URL URL|
|sports|,|the maserati gran turismo that bradley cooper (eddie morra) drives in limitless (2011) URL maserati granturismo car|
|sports|,|roger craig autographed football card 2015 panini college 31 by autograph warehouse URL|
|sports|,|searching for the sportswear or sports cloths? here you can get the best sports clothing. see at URL|
|sports|,|video: s-pulse striker jong tae-se scores spectacular bicycle kick soccer URL URL|
|sports|,"|AT_USER AT_USER that is mi, best cricket franchise in the world|"
|sports|,|awesome soccertrainingequipment for all your soccer drills URL URL|
|sports|,|sunday 2nd april today's football tips are with members - 11:30am start! URL URL|
|sports|,|i liked a AT_USER video from AT_USER URL omg the greatest fifa partnership in fut history! | fifa 17 83 bent|
|sports|,|byu sports medicine rapid fire pos|
|sports|,|the latest m&a stories from reutersbest - china football retail dealtrends URL URL|
|sports|,|AT_USER AT_USER like when the computer keeper doesn't dive properly on fifa|
|sports|,|i'm earning mplusrewards in learn n earn - soccer. URL|
|sports|,|soccer if you need free hosting visit URL c8q|
|sports|,|fifa if you need free hosting visit URL c8q|
|sports|,|lovely vic at his lovely best here... URL|
|sports|,"|sports makes healthy,wealthy,unity & honorable.sports makes peace,happy & best entertainment so i want open a sports academy.share it thanks|"
|sports|,|a criminal finds a sports drug with an evil history' URL asmsg URL amreading|
|sports|,"|shahid afridi ""the people at the pcb don't think about the future, they think short term and have aims to only help themselves"" cricket|"
|sports|,|AT_USER AT_USER AT_USER i think i'm g. basta may football ako ng 10 pm hahqh|
|sports|,|new post: vbiger canvas backpack for women & girls boys casual book bag sports daypack URL|
|sports|,|yehi tou hai reality of pakistani football. URL|
|sports|,|retweeted carolina basketball (AT_USER we're not done yet! nationalchampionship thank you... URL|
|sports|,|how to fica your world sports betting account. *email - ficaAT_USER *whatsapp - +27797120818 *fax - 0866526699 URL|
|sports|,|how to fica your world sports betting account. *email - ficaAT_USER *whatsapp - +27797120818 *fax - 0866526699 URL|
|sports|,|AT_USER -3 the fremantle football club|
|sports|,|basketball recruiting tips & review of scholarship info via URL|
|sports|,|seeking sports minded individuals across the world . info about joining our team via URL|
|sports|,|ea sports settlement checks plastic welding machines for sale|
|sports|,|i reeeeallly don't like football but the atmosphere at wembley at 10:30am is insane! pusb|
|sports|,"|AT_USER if one door is closed sure, another door will open!!! very happy to see or heardabout ur cricket in scotland sree! AT_USER|"
|sports|,"|there are more things to life than football & beer, but i ignore them.|"
|sports|,"|roy williams, unc basketball coach, collapses on sidelines during game vs. boston college uncbasketball URL|"
|sports|,|johnny jones fired as lsu basketball coach | full presser - URL URL|
|sports|,|AT_USER clare need 1a hurling. football will be hard to win|
|sports|,"|AT_USER hey there if your interested in making more coins, tips or tricks or any fifa concept glitches dm me thanks!|"
|sports|,|the associated press: wwe flexes sports entertainment muscle at wrestlemania. URL|
|sports|,"|AT_USER AT_USER AT_USER AT_USER look at your avatar, football fans like you are an embarrassment.|"
|sports|,|tight jeans football girl miss nude usa porn pics URL|
|sports|,"|spin to win"" in 2017 with our fundamentals bowling workshop. cainspire cricket book here URL URL|"
|sports|,|don't miss the county and east mids basketball trials for u13 and u15 boys and girls with AT_USER URL|
|sports|,|AT_USER it won't be necessary because scotland and scottish football will be free.|
|sports|,|i just got 100k vc nba 2k17 locker code! - URL nba2k17 lockercodes 2k17lockercodes|
|sports|,"|shahid afridi ""the people at the pcb don't think about the future, they think short term and have aims to only help themselves"" cricket|"
|sports|,|AT_USER sorry he's not good enough it's now nearly four years first team football take 20m for him now|
|sports|,"|i like watching old nba highlights. the ones that stood out the most was larry bird, grant hill, nick van exel and tim hardaway|"
|sports|,|04-02 tom brady honors memory of football mentor in facebook post tombrady URL tombrady|
|sports|,|roger goodell will return to gillette stadium for patriots' season opener - yahoo sports URL|
|sports|,|cheltenham news 2/4/17 the seagulls are back we won a game of football cheltenham less colourful today danceinpeace|
|sports|,|AT_USER AT_USER and do you know something he like ice hockey do you get the connection do ya|
|sports|,|fifa 17 fut birthday nani (87) player review! | fifa 17 ultimate team: URL via AT_USER|
|sports|,|pep: i came here to win titles URL URL|
|sports|,|newcastle united 2-1 wigan athletic (soccer saturday - 2016/2017 season) >> URL URL|
|sports|,|arsene wenger: arsenal boss says 'retirement is dying' as he vows to continue - URL|
|sports|,|really wanna get into sports photography seems like so much fun|
|sports|,"|chilled out sunday. time with son. footy, fifa, fitness, followed by fries, wraps, and music. happy sundays.|"
|sports|,|raptors' norm powell fuelled by pivotal nba playoffs dunk - toronto star URL|
|sports|,|04-02 tom brady honors memory of football mentor in facebook post tombrady URL tombrady|
|sports|,|awesome!! URL|
|sports|,|nba top 5 for apr. 01 URL URL|
|sports|,|unc fans celebrate on franklin street after beating oregon URL|
|sports|,|i liked a AT_USER video from AT_USER URL worlds first one take football challenge!!|
|sports|,|boston 1st seed mygad URL|
|sports|,|i won the can't do it alone achievement in nba 2k17: the prelude for 174 trueachievement pts URL|
|sports|,"|someone just checked stats again,,, huh? URL|"
|sports|,"|AT_USER hey there if your interested in making more coins, tips or tricks or any fifa concept glitches dm me thanks!|"
|sports|,"|i liked a AT_USER video from AT_USER URL fifa 17: sbc battle vs ihazcarrot ep10 - ""the final episode|"
|sports|,|porn8 xhamster_amateur gold paradise lesbians bbwdating pornme side_boobs soccer sexy URL|
|sports|,|soccer livescore: (esp-pdw) udtacuense(w) vs barcelona(w): 0-0. kick off ...|
|sports|,|i liked a AT_USER video from AT_USER URL fifa 17 ultimate scream akinfenwa & emre mor - op strikers 1|
|sports|,"|why some meleis football so idiot ? lol why so angry when retired player decide to join back national team , mogok tahu tak mogok ? bodo|"
|sports|,|businessnews sports direct increases debenhams stake to 16% URL|
|sports|,"|old large historic photo of cokeville wyoming, high school basketball team 1931 URL URL|"
|sports|,"|why not ban obama visit, football matches too?' URL|"
|sports|,|live football on to today swansea city vs middlesbrough 13.30 arsenal vs manchester city 16.00 come down and... URL|
|sports|,|brown sports nice mum goddessworshi hardcore dreams latina mexico avignon URL|
|sports|,|1957-58 parkhurst vintage hockey card# t11 jim morrison (maple leafs) URL URL|
|sports|,"|1/6 scale soldiers black baseball cap model toy for 12"" action figure URL URL|"
|sports|,|area baseball: gonzaga earns doubleheader split at pepperdine URL breakingnews|
|sports|,"|basketball: syracuse, n. carolina reach final four northcarolinabasketball URL northcarolinabasketball|"
|sports|,|iexpresssports: raheem sterling confident manchester city can secure champions league spot URL|
|sports|,|1957-58 topps hockey card# 11 vic stasiuk (boston bruins) super nice card! URL URL|
|sports|,|sports fitness buy now: $149.95 tippmann cronus tactical paintball gun 3skull mega... URL URL|
|sports|,"|old large historic photo of rock river wyoming, high school basketball team 1931 URL URL|"
|sports|,|i liked a AT_USER video from AT_USER URL omg it's amazing! - road to fut champions - fifa 17 ultimate team 57|
|sports|,|renewed calls for sports funding after iaaf golden triumph - URL|
|sports|,|soccer livescore: (esp-pdw) udtacuense(w) vs barcelona(w): 0-0. kick off ...|
|sports|,"|1/6 scale soldiers black baseball cap model toy for 12"" action figure URL URL|"
|sports|,|02.04.2017 10:42... running 7.1 km in 00:39:39 URL tracked with sportstracker|
|sports|,|the setup URL URL|
|sports|,|eden hazard gives update on his potential move to real madrid URL URL|
|sports|,|gonats onepursuit curlyw signed bryce harper washington nationals autographed baseball jsa certified URL|
|sports|,"|video shows armless basketball player, 13, winning game with last second shot via the AT_USER app a winning spirit! URL|"
|sports|,|this tentacle homerum made me tremendously happy yesterday. URL|
|sports|,|harry really loved his football AT_USER URL|
|sports|,|mtbnews sports direct increases debenhams stake to 16% - mike ashley's leisure retailer ups its holding in the... URL|
|sports|,|i was there ! athleti play the most scrappy football i have ever seen URL|
|sports|,|AT_USER sports direct increases debenhams stake to 16% URL|
|sports|,|i liked a AT_USER video from AT_USER URL omg it's amazing! - road to fut champions - fifa 17 ultimate team 57|
|sports|,|check out this iphone/ipad game i'm playing called soccer agent socceragentgame URL URL|
|sports|,|how is religion even got to do anything with my opinions on football? some people are mentally sick on this platform.|
|sports|,|1957-58 topps hockey set break card# 11 vic stasiuk (boston bruins) URL URL|
|sports|,|AT_USER plus we just won the league cup to become the most successful team in english football|
|sports|,|what's the over/under on you announcing that you quit gambling again? URL|
|sports|,|u12 football... kenmare v laune rangers in div 1 county league today @ 6pm in kenmare URL|
|sports|,"|blaine and i love football. well, blaine loves football. i love scarves.|"
|sports|,|AT_USER at football me feeling fresh. u still out|
|music|,"|team with eminem, spider-man, caleb barnes, lebron jordan, and jared west|"
|music|,|leon russell - a song for you URL nowplaying listenlive|
|music|,|now playing siouxsie and the banshees - dear prudence siouxsieandthebanshees URL|
|music|,|sabatoge and the break up song URL|
|music|,|sound sultan on code has many classic hits..he makes very good music|
|music|,|taylor freaking caniff is an hour from meee gigidydkblghd AT_USER|
|music|,|harry styles is 22 and quotes taylor swift song lyrics harrystyles URL harrystyles|
|music|,|i liked a AT_USER video URL old song mashup | atif aslam|
|music|,|sergio found the song from hannah & clay's dance in '13 reasons why' that i have been obsessing about|
|music|,"|behind the music: donkey, from shrek|"
|music|,"|alyssa monks: how loss helped one artist find beauty in imperfection URL don't try too hard, cut some slack, let it be|"
|music|,"|now playing on music of the gods (.com) : lab's cloud - "" varanasi summer dub"" URL lab's cloud varanasi summer dub|"
|music|,|music from the universe URL|
|music|,|pixi's global makeup artist takes us through spring's freshest look URL fitness URL|
|music|,|AT_USER AT_USER AT_USER because it's our national song.|
|music|,|oh my god that shit was heaven URL|
|music|,|petition to make this our graduation song URL|
|music|,|welcome to dv divaviva111's blog : gospel song of the day: god of everything by viwe ... URL|
|music|,|can't trust youngjae URL|
|music|,|AT_USER new deal with universal music group means some albums will go behind a paywall URL via AT_USER|
|music|,|same URL|
|music|,"|to sell, or not to sell? the indie artist's dilema URL URL|"
|music|,"|artist illustrates everyday life with her boyfriend, shows that love is in the small things URL|"
|music|,|one of the songs ari has put her whole heart into. URL|
|music|,"|i liked a AT_USER video from AT_USER URL titanfall 2 - lts w/ jerdude, tony mo, & butterbar | titanfall 1 song|"
|music|,"|music .edu email address for free 6 months amazon prime student, microsoft office,etc. URL URL|"
|music|,|so excited that i'm making music honestly im happy about im not sure if it's good but attest i know i did it myself ep coming soon|
|music|,"|a song by buzzg about gumi being a sexy, underwear stealing, lovestruck ninja. glorious.|"
|music|,"|but guys, listen to what if its a good song|"
|music|,|jhoomorejhoomore video song teaser - mister - more info at URL URL|
|music|,|deafheaven bassist falls asleep onstage URL via AT_USER always funny|
|music|,|bollywood wedding song lyrics URL|
|music|,|the music video for red mercedes by amine give me life|
|music|,|people that have good taste in music are the best!|
|music|,|70s is by far best decade URL|
|music|,|all i wanna do is eat junk food and cry to harry's new song with my big sissy AT_USER come home pretty please..|
|music|,|04-09 jay z wants to make harrystyles 'biggest artist in the world' harrystyles URL|
|music|,|a ww 1 song. first of all ex-acts. the us charts arent the only charts smh URL|
|music|,|palestine music expo aims for international attention pmx2017 AT_USER URL|
|music|,|amen brother URL|
|music|,"|curse my instrument body! i want a nice, clean classical music this time. not a flute thing. URL|"
|music|,|french montana clarifies his comments on kendricklamar's grammy wins kendricklamar URL|
|music|,|can you believe some people don't know that wish tree is a red velvet song|
|music|,|AT_USER this that future song ?|
|music|,|my nigga i like the kid's music URL|
|music|,"|you can't fall asleep in a party bus blasting music"" fookin watch me|"
|music|,|best slavic entries in the eurovision song contest over the years URL|
|music|,|AT_USER free beats URL|
|music|,|bad blood (originally performed by taylor swift) [instrumental]... URL karaoke URL|
|music|,|find you someone who sings the backup of the rap song your singing thisguy|
|music|,|category 5 -best makeup artist (male or female) *nominations stay anon* send in my dm's with their name and AT_USER|
|music|,"|swift transportation: entry level - student truck driver. we train you, mentor you,&hire you coosbayjobs URL|"
|music|,|day 4: a song that reminds you of someone you'd rather forget about URL|
|music|,|AT_USER AT_USER can you sing the drake and josh theme song together?|
|music|,|this guy. enigma. URL|
|music|,|AT_USER can this please be us!!! URL|
|music|,|she said that's my dads hoe song|
|music|,"|AT_USER mapholoba, at last i've managed to hear the so beautiful song titled ""inkanyezi"" well done mashiyamahle.|"
|music|,"|i might go to AT_USER at city winery in atlanta, ga - m... URL|"
|music|,|someone in neverwinter has the name zoboomafoo and now i'm singing the theme song. at 2:30am.|
|music|,"|sunny day song had a lot of potential. and yakusoku made me cry like a bitch, so props for that.|"
|music|,"|don't talk to me if you don't know the full lyrics to lil wayne's song ""i'm single|"
|music|,|me right now URL|
|music|,|it would bring me great joy if you did URL|
|music|,"|AT_USER AT_USER AT_USER she's a powerful vocalist,she dances, writes and produces her own music don't ignore that|"
|music|,|everyone just lets me down except for taylor|
|music|,|AT_USER makes sense why song memeho's doing it|
|music|,|bahamiangirls fucking hardcore techno music URL|
|music|,|sing us a song you're the piano boge. AT_USER|
|music|,"|AT_USER try sign of the times , such an amazing song. URL|"
|music|,|AT_USER if i lease yo beat can i put tha song on itunes ???|
|music|,|i listen to music more then i listen to people|
|music|,|ddark - man of the century [music video] URL|
|music|,|i'm about to hop in my truck and go listen to music by the lake|
|music|,|artist: zennosuke URL|
|music|,|bollywood wedding song lyrics URL|
|music|,|AT_USER i think this is my fave song|
|music|,|wagner's music is better than it sounds. -- mark twain|
|music|,|strong woman do bong soon's theme song has been released!! finally been waiting for it URL|
|music|,|AT_USER such a fabulous song prayers and peace|
|music|,|yes lol he boring i need his best song URL|
|music|,|this was my shit i never got bored of this URL|
|music|,|how to inspire people with your music!! URL URL|
|music|,|AT_USER AT_USER omg i was watching this and it came on on my music and asdfghjkl|
|music|,|AT_USER i do like that gary numan song down in the park as well. it shimmers.|
|music|,|yes...semma algaana song and situation URL|
|music|,|- better variety of music URL AT_USER caribbean soca|
|music|,|AT_USER great interview for norman. the passion you show for spurs is just like the passion you show for your music.|
|music|,|dance music legend paul oakenfold to tackle mt. everest performance - URL URL|
|music|,|how to get paid for your music with pros -> URL URL|
|music|,"|posted a new song: ""twin star"" URL music URL|"
|music|,|karaoke is a blasphemous word URL|
|music|,|i personally think 'the saga' by anatii and aka was the greatest hip hop song ever made!|
|music|,|cash money everything. a playlist: URL|
|music|,|AT_USER if u kept listening to the same music over n over again are u gonna listen to the same music or do you want something new?|
|music|,"|music .edu email address for free 6 months amazon prime student, microsoft office,etc. URL URL|"
|music|,|i ain't paying 5 a head for a wack ass party with like no music. catch me in belma.|
|music|,"|now streaming ""checkers - 09 kamisama help"" 394 listeners. URL nowplaying music radio jpop|"
|music|,|lrt AT_USER natsuki also that song is a bop|
|music|,|i love music helps with a lot of problems|
|music|,|but it's honestly such a good song. so i'm listening to it right now on repeat. why am i like this lmao|
|music|,|monga probably the only person that can flex in his toyota . he always rolls deep with his loud ass music with no system|
|music|,"|the percussion players in my school's band have the easiest part but they loose their music, can't memorize notes,etc.try being a clarinet|"
|music|,"|AT_USER its a dive bar, beer drinking, pool playing kind of night... though id like to be somewhere playing music.|"
|music|,|i added a video to a AT_USER playlist URL hhh theme song w/ electric guitar|
|music|,"|i swear when i find a song i like, it be ion repeat for days|"
|music|,|congratulations to AT_USER for winning the artist of the year award at vgma yesterday AT_USER livepraise URL|
|music|,|how to get magazines to review your music -- URL URL|
|music|,"|daughtry by AT_USER URL - will always be one of the best debut albums, i've ever heard. groovemusic music|"
|music|,|ddark x nytz - tunnel vision [music video] URL|
|music|,|how to make a viral music video -> URL URL|
|music|,"|now playing: vidal, maria URL music radio internet 80s|"
|music|,|delacy - hideaway - unknown artist|
|music|,|ddark x nytz - tunnel vision [music video] URL|
|music|,|bollywood wedding song lyrics URL|
|music|,|i love this music sh**|
|music|,|AT_USER is this the crowley that ozzie osborne's song is about?|
|music|,|bambam is featured in a music video for yamaha~ perfection! URL by bambam_th via AT_USER URL|
|music|,|issa mood URL|
|music|,"|AT_USER bring the kids, and come work on some music with me tomorrow!|"
|music|,|nowplaying erykah badu - baduizm... music for the soul URL|
|music|,|i still love this song a lot..and it is funny how all of them has the same hairstyle in those years btw URL|
|music|,|subscribe to ukurbansfinest youtube channel best in music & entertainment URL|
|music|,|AT_USER every single time URL|
|music|,|press play on your radio and let's dance np music jimmy bo horne - spank URL|
|music|,"|also for shisanyama, good music & looooots of alcohol! URL|"
|music|,|AT_USER AT_USER AT_USER love house music listening from kitisuru with my brother AT_USER & my gf AT_USER|
|music|,|this artist is drawing realistic disney villains and it's amazing URL|
|music|,|AT_USER askraftaar when you release revolution song?|
|music|,|how to inspire people with your music! URL URL|
|music|,|press play on your radio and let's dance np music al jarreau - heaven and earth URL|
|music|,|i'd really love to know why my whole family is still in my house drinking and dancing to 90s music|
|music|,"|from music to neuroscience, floating points is an artist of many interests URL|"
|music|,|AT_USER why is jay z music not on spotify|
|music|,|i'm gonna piss. gundam unicorn was playing but i was in the bathroom doing my face stuff. i started singing along to the classical song and|
|music|,"|AT_USER sleeping by now ""this women's work"" by maxwell great song. i'm up all the the, matter fact the geese are talking.|"
|music|,"|holy crap, how am i just now finding this?! i love it URL|"
|music|,|this song will always be a part of me URL|
|music|,|frankie knuckles the whistle song (sound factory edit) URL|
|music|,|a bit of live music on a sunday arvo livemusic brisbane instagood instadaily URL|
|music|,|sandra n - ballerina (official music video) URL via AT_USER|
|music|,|AT_USER *curious face* music? story? to accompany a perf or some other interactive wizadry?|
|music|,|AT_USER owe u so much miss u bebs!! URL|
|music|,|i stay listening to music|
|music|,|AT_USER AT_USER AT_USER AT_USER i like the music|
|music|,|rt deionspage: music and adventures >|
|music|,|snoop dogg talks tupac's historic rock hall of fame induction URL music URL|
|music|,|well no one stopping you do it. URL|
|music|,|guys! this tuesday (april 11) musico ph will be our featured guest artist in eagle rock and rhythm segment of... URL|
|music|,|romantic music on spotify lovemusic jazz URL URL|
|music|,"|instead of playing song in online, sing it infront of your loved ones on b'day you can really make them feel special indiabhibharatbhi|"
|music|,|y'all prolly just too ratchet for dom music! he ain't making popin pussy songs|
|music|,|a friend is someone that knows the song in your heart and can sing it back to you when you've forgotten the lyrics. URL|
|music|,"|after penthouse by bas, this might be favorite song of 2016. URL|"
|music|,|omgggg AT_USER thank you!!! you are my idol and the song is perfection URL|
|music|,|i just bought some new music via the shop AT_USER tab on AT_USER llth|
|music|,"|i love that song pillowtalk , but if i fell asleep and the pillow talk, i will run.|"
|music|,"|45 days left of senior year and still no outbreak of song and dance, high school musical got our hopes up. AT_USER|"
|music|,|i listen too so much music. like fuck i have good taste|
|music|,"|fuck me,please ! go to the link- URL URL|"
|music|,"|there's no other artist changing the game like kendrick. without a doubt, and i'm hyped af for his new album.|"
|music|,|the psedeue seculars must see this and search themselves. URL|
|music|,|AT_USER the music video is satisfying|
|music|,|i would like recommend dear john by my favourite singer taylor swift|
|music|,|how to get paid for your music with pros URL URL|
|music|,|URL music video finally drop comment like and share|
|music|,|AT_USER thank you....for sharing...#beautiful music..|
|music|,|URL tfw u kno the chorus to a song in a language u don't even know b/c ur that big of a fucking weeb|
|music|,"|rt tkay1z: congratulations vvipghana , the ahlaji song did magic. big ups to garzymix and patorankingfire cc reggierockstone vgmas2017|"
|music|,|AT_USER AT_USER free beats URL|
|music|,|AT_USER yo make this a legit song b|
|music|,|subscribe to ukurbansfinest youtube channel best in music & entertainment URL|
|music|,|sucks how one song can make you think of him again|
|music|,|as well as home of the late show. URL|
|music|,|blogged: reflectable enums in swift 3 URL swift AT_USER AT_USER AT_USER|
|music|,|warner music is experiencing its own british invasion: URL|
|music|,|id recommend this to all music lovers URL|
|music|,|the song that changed my life. URL|
|music|,|i liked a AT_USER video from AT_USER URL hd los angeles international airport | aviation music video|
|music|,|got some dope records from cloudn9neproduct to collab with serious artist URL|
|music|,|hhh theme song w/ electric guitar: URL via AT_USER|
|music|,|nowplaying imagery of making love by terry jones on urbanradio new music insite URL|
|music|,"|i don't want to become a harmonizer. okay, maybe i want to but, what about lana? i could love both of their music.|"
|music|,|some-- URL|
|music|,"|like the song is so simple but it's so damn good and so perfect at all points, it's a song you can listen whether you're sad or happy|"
|music|,|AT_USER you need rock music ? ill give you .. try this URL|
|music|,|submit to our original song contest!!! your chance to win major exposure and promotion! -> URL URL|
|music|,|sho shallow - on a hype [music video] URL|
|music|,|so it rings like twice before i get out of the bathroom. and when i come out the music is off. my two friends are hiding.|
|music|,|i couldn't relate to any song more than i do with saved by AT_USER|
|music|,"|nice music. best 2017 opening, ibiza season, with dj zency by dj.& prod. zency ( house & lounge club) URL|"
|music|,|this is too cute!! AT_USER URL|
|music|,|howard hewett - obsession... on diva radio funk URL nowplaying funk radio music|
|music|,"|a bird does not sing because it has an answer. it sings because it has a song."" - chinese proverb quotes|"
|music|,"|posted a new song: ""335- death trap((2017)) youngma//bay area type"" URL music URL|"
|music|,|did you guys wanna know a song lyric of kanye west i like|
|music|,|bollywood wedding song lyrics URL|
|music|,|omgomgomgomg creeeeeeeeeeed!!! omgomgomg! this music! aaaaaaaaaaaa!! i-i feel it!! he shall come to kira!! he shall aaaaaaaaaaaaaaaaaaaa!!!|
|music|,|5 things your facebook music fanpage needs -> URL URL|
|music|,|no more dream URL|
|music|,"|AT_USER looolllll ""i became a full time con artist|"
|music|,|want music 24:7? listen to annapolis power 99.1 nowplaying roman gianarthur ft. janelle monae - no surprises|
|music|,|bollywood wedding song lyrics URL|
|music|,|country music calms my anxiety! thank god for country music!|
|music|,|levi smith - dallas to denver URL streaming radio|
|music|,|grammy winner kendrick lamar releases new 'surprise' album for fans #kendricklamar URL|
|music|,|frank oceans music tells storys i swear|
|music|,|i'm actually glad i stalk one of my fav local artist only to find some stationary stuff i currently looking? and ended up it leads me -c-|
|music|,|teyana taylor stripped completely naked for the most seductive photoshoot URL|
|music|,|krystal just called me a fake fall out boy fan while talking about a three days grace song|
|music|,|i'm actually listening and enjoying country music what is this|
|music|,|living room music with windows to sky. URL|
|music|,|life is: a song - sing it. a game - play it. a challenge - meet it. a dream - realize it. a sacrifice - offer it. love - enjoy it.|
|music|,|i liked a AT_USER video from AT_USER URL bangla new music video by rakib musabbir|
|music|,|konosuba piano suite - soundtrack medley [piano] i neeeeeeed to get back into music. URL|
|music|,|thank god for michael jacksons music|
|music|,"|i'm listening to ""nightcrawlers"" on AT_USER beat music URL|"
|music|,|ruthless *music... via AT_USER realhiphop URL|
|music|,|this song is indescribably amazing.|
|music|,"|just having dj khaled shout ""dj khaled"" on your song is a guaranteed 100 mil views.|"
|music|,|the get down part 2 soundtrack (complete song listing) URL via AT_USER|
|music|,|hew are you dilin bhaiya? who is your favourite american rapper? mine is eminem though! askraftaar AT_USER|
|music|,"|never going to finish my hw, bc i end up dancing/singing to my music|"
|music|,|how to inspire people with your music! URL URL|
|music|,|i still don't know how tf it didn't go 1 nor win a grammy... URL|
|music|,|if you want to hear some dope new music check out that new AT_USER right here URL 520promo rt|
|music|,|AT_USER i love this fuqqen song btw. mega weekend jam hehe|
|music|,|AT_USER hi taylor!! you're very beautiful! good luck! i hope and you continue to be a texanscheer htctryouts2017 followme please!|
|music|,"|the song ""hear you me"" is prolly one of the best songs to cruise to this late at night.|"
|music|,|ol' lavahead's up 'n coming song of the week ...URL|
|music|,"|god, how i want to feel the cock inside yourself ! push,don't be shy URL URL|"
|music|,|i love AT_USER music|
|music|,"|listening to music staring at the stars, i never want this moment to end|"
|music|,|i liked a AT_USER video URL the mine song but stingy knows the meaning of life|
|music|,|this french unforgettable song smooth|
|music|,|serious shit this song is good|
|music|,|lowkey this song makes me emo URL|
|music|,|love on the brain is rihanna's only good song since take a bow honestly|
|music|,|adult brother sister sex sound of music porn URL|
|music|,|islamification even in comic books! nothing is scared. URL|
|music|,|mood: shake that // eminem|
|music|,|AT_USER well my song is good too|
|music|,"|the artist is performing right in front of their eyes, but they're all watching through the 4-6"" screens held up high.|"
|music|,|iont know what dude be saying on that song swang but shit sound blaze|
|music|,"|just on this song alone, bitch is on her fourth flow|"
|music|,|they aren't playing music at work and it's making my shift go so much longer ugghhh|
|music|,|i liked a AT_USER video from AT_USER URL kandangi full song - jilla tamil movie | vijay | kajal aggarwal ||
|music|,"|i cri, harry's song is so beautiful|"
|music|,|name me one bad song aaba AT_USER URL|
|music|,"|wait AT_USER why isn't ""you'll miss us"" on the track listing for twopartsviper? pls tell me hidden track or retitled, that song rocks|"
|music|,|ppl r still paying their bills. ur argument was its not support. next URL|
|music|,|AT_USER this song been my whole mood since i was in day care|
|music|,|i really like this song|
|music|,|the artist who deceives your eyes URL|
|music|,|and y'all keep acting like party music wasn't shit that even nwa made. nigga go back and listen to express yourself again|
|music|,|i liked a AT_USER video URL mashrafe (official song) | rumman ft. siam | robiul islam jibon | htm records|
|music|,|imran khan - bewafa (official music video) AT_USER catchy song indeed URL|
|music|,|nowplaying eminem - campaign speech :: tune in: URL|
|music|,|nowplaying on energy hitmusiconly! bakermat - baby - hit music only ! (08:34) URL|
|music|,|how to make a viral music video -> URL URL|
|music|,|14 unknown facts you never knew about eminem URL|
|music|,|day 11 song no.11: summer of '69 by AT_USER URL acoustic guitar songs bryanadams|
|music|,|taylor is my number one fan and i appreciate her AT_USER|
|music|,|AT_USER being they changed the music scene forever i'd say they was talented!|
|music|,|now playing: lori jonathan trio - what a preciouse friend is he is on knoxville gospel music nowplayingonkgm|
|music|,|dat nigga suck URL|
|music|,|watch ddark ft flirtad & krucial - not my cousin official music video URL|
|music|,|i've been waiting for this song to drop for months URL|
|music|,|people did when verry released a track and they missed out on such an amazing song|
|music|,|if there's one thing i'm going to miss from high school is listening to our fight song at the assemblies and football games|
|music|,|i really really like winner's new song|
|music|,|bollywood wedding song lyrics URL|
|music|,|review philips shs3200bk/37 flexible earhook headphones buycheap music URL audio URL|
|music|,|slm:eevee 91.11% (12/14/15/quick attack/swift) till 12:02:46am (28m 6s). cp for lvl30+: 457 URL|
|music|,|why is country music a thing lmao|
|music|,|audrise thought she could sign a simple contract with a demon artist... now she's being strapped to the elf vats.|
|music|,|series: integrity music's scripture memory songs album: overcoming guilt song: a heart to know me (jeremiah 24:7)... URL|
|music|,"|i swear when i find a song i like, it be on repeat for days|"
|music|,"|i'm not saying you have to like harry but give him some credit, sott is a great song, much different than zayn's but they're both amazing|"
|music|,|AT_USER AT_USER i love that 'river' song by AT_USER|
|music|,|nice song URL|
|music|,|neuroscientists discover a song that reduces anxiety by 65 percent. hear it yourself! - peace quarters URL|
|music|,|forever will be my song URL|
|music|,|i ordered recording equipment and a computer yesterday. should start arriving on monday. so actual music coming soon|
|music|,|nowplaying real (ft. anna wise) by kendrick lamar on anghami URL|
|music|,|there's a hit song fancam of wonwoo from my fav wonwoo day im finna bust|
|music|,|ballad of dwight fry ~ alice cooper mp3 music URL classic rock|
|music|,"|i forgot about the song ""we are young"" by fun, until i heard it at work today. brings back good old memories|"
|music|,|now that's what i call music! 96 ~ various URL cds & vinyl|
|music|,|i added a video to a AT_USER playlist URL sukhe suicide full video song | t-series | new songs 2016 | jaani | b|
|music|,|this is no shite AT_USER URL tune music|
|music|,|AT_USER dude nice! that's dope you got to see them! green day is one my top bands. they're one of the bands that got me into music.|
|music|,|[sad piano music playing] would you make me a sandwich?|
|music|,|now playing song cry by august alsina!|
|music|,|so gonna steal it :) URL|
|music|,|this song omg feeelllsss URL|
|music|,|terror in the triangle URL painting shawnshawnart artist triangles URL|
|music|,|find out who's taking music submissions! -> URL URL|
|music|,|sho shallow - black roses [music video] URL|
|music|,|brenda song is the most under rated disney actor outchea don't @ me|
|music|,|sing us a song you're the piano boge. AT_USER|
|music|,|love all of bobby bazini's songs but for some reason c'sest la vie is on repeat. :) love that song.|
|music|,|fr if you make rap/new wave type music in nz (new zealand) slide up in my dms and message me mang (positive shit)|
|music|,|whenn your mexican neighbor blastin loooud ass music & u trynna sleep|
|music|,|AT_USER can josh sing a drake & josh song|
|music|,|that one song by hotshot that sounds like justice crew but better|
|music|,|i liked a AT_USER video from AT_USER URL yeppa maama full song - jilla tamil movie | vijay | kajal|
|music|,|AT_USER what's this song called x|
|music|,|5 things your facebook music fanpage needs URL URL|
|music|,|am i the only one that genuinely loves cupcakke's music?|
|music|,|AT_USER can u and josh sing the drake and josh theme song plz|
|music|,|duke ellington and his famous orchestra feat. john - i let a song go out of my heart URL nowplaying listenlive|
|music|,|lofi hip hop is the best music to study to tbh|
|music|,"|while everyone is kinda online, hi, my @ is inspired by this lovely music video of my other fav <3 URL|"
|music|,"|i stopped like ""wait how do i know this song??"" it was aimer's a letter omfg and then the ending was bloody f8. im so.... fuck|"
|music|,|the more i think about it the more pissed i am that my high school never broke into song and dance randomly|
|music|,|bollywood wedding song lyrics URL|
|music|,|beautiful music. so beautiful AT_USER|
|music|,|yasss it's time for a great show psychicmediumdeb:music comedy URL URL|
|music|,|AT_USER AT_USER music core and my impact|
|music|,|AT_USER song what do i know just speaks|
|music|,|i told you this is the place to be thesocialbutterflynightclub 857 atlantic ave music by AT_USER URL|
|music|,|this movie was lowkey lit URL|
|music|,|that song was a feel good song with a message but it was still there to make you feel good|
|music|,|that moment the music pauses at a dope ass party u have the chance to think over your life momentarily|
|music|,|have you heard the song 'this old man it's not over'?|
|music|,|artist gives celebs a plus-size makeover URL|
|music|,|i liked a AT_USER video from AT_USER URL son reacts to dad's favorite music!(dad cried)|
|music|,|soundcloud reposts for your dancehall and reggae music!! URL|
|music|,|how to make a viral music video -> URL URL|
|music|,"|AT_USER love this song,pretty much obsessed with this one.. AT_USER simply killed it.. issues music|"
|music|,|AT_USER AT_USER outselling doesn't make it a 'better' song - it just means more people bought it|
|music|,"|shaking hands w/ AT_USER artists, yelling out the ceo's name and he throws up a deuce...i love the music & the people of this org.|"
|music|,"|.AT_USER they just bring happiness to me, and to millions of other people with their music. kpopzonearmy|"
|music|,|sergio found the song from '13 reasons why's that i have been obsessing about since i first watched the show he's pretty cute|
|music|,|me and jane rn URL|
|music|,|AT_USER love the new song by power trip. executionerstax|
|music|,"|vousecoutez nowplaying earth, wind and fire - let's groove tonight yurzradio enjoy music from reims|"
|music|,|siouxsie and the banshees - dear prudence nowplaying URL bbc6music|
|music|,|AT_USER AT_USER real boy? thats a sexist comment. how about a responsible music critic who is professional and accountable?|
|music|,|pornhub vs redtube hardcore music youtube URL|
|music|,|bitch don't kill my vibe is timeless totally forgot how great that song is|
|music|,|nowplaying public execution by apathy (ft. esoteric & celph titled) hiphop music URL|
|music|,|AT_USER no match for the doom song.|
|music|,|AT_USER when will josh sing the drake and josh theme song?|
|music|,|i personally love it way too much. i'm glad you made it URL|
|music|,|lmao cuh supligent inna the background URL|
|music|,|lovely song sing by AT_USER i love this song... URL|
|music|,|AT_USER your song iirc ? (im.. still bad at song titles w)|
|music|,|storytelling by wild words - the ugly swanling at wiltshire music centre today URL get tickets now thingstodo family|
|music|,|nowplaying diet mtn dew by lana del rey on URL radio. all music is beautiful. keep listening!|
|music|,|bollywood wedding song lyrics URL|
|music|,"|jupiter looking stunning, thanks for sharing bradley swift URL|"
|music|,|bollywood wedding song lyrics URL|
|music|,|to share art contemporaryart painting from artist wolfgang kahle AT_USER URL|
|music|,"|i remember day dreaming in elementary about having my own music video to ""gasolina"" x daddy yankee lmfao|"
|music|,|you drunk ? URL|
|music|,|highlight dancing to a song called highlight from the album highlight.|
|music|,"|sometimes to stay alive, you got to kill your mind... calming music for migraine and headache therapy...... URL|"
|music|,|ongoing session: worship song. themindofchristministry celebrationservice salvationvoices|
|music|,|(free) go sms music life theme apk free download URL|
|music|,|AT_USER here is a personal reminder: : remember to listen to a song that helps you feel good please! ily!!|
|music|,|AT_USER here's a personal reminder for u: : remember to take some time to listen to some music that helps you feel safe please! i love u!!|
|music|,|AT_USER here's a personal reminder for you: : please listen to a song that inspires you! i love you!!!|
|music|,|my fave song URL|
|music|,|i fkn love this song URL|
|music|,"|i'm not suicidal y'all. i was quoting k. michelle's song ""when crying is easy"".|"
|music|,|de line has been drawn godmc over every rapper in africa m.anifest 4 bet and grammy|
|music|,"|to sell, or not to sell? the indie artist's dilema URL URL|"
|music|,"|AT_USER asks ""is katy perry releasing music this month?"" ouijamovie own it now URL|"
|music|,|AT_USER j-cole haven't heard this song in so long|
|music|,|jisoos so cute nnn she actually brought chaeyoung to inkiyago queens of music shows URL|
|music|,|bitches who hear twerkin music and immediately jump like they finna run an relay irritate me lol|
|music|,|sad music|
|music|,|right URL|
|music|,|jared taylor: whites deserve a homeland (abc interview 2017) AT_USER has an intellect that has few rivals. URL|
|music|,|AT_USER just depends on whether they have the lyrics for the song or not... but was only added somewhat recently (last year?)|
|music|,"|i liked a AT_USER video URL main woh chaand video song | teraa surroor | himesh reshammiya, farah karimaee ||"
|music|,|bollywood wedding song lyrics URL|
|music|,|AT_USER i think i'm addicted already i love music way too much|
|music|,|AT_USER thanks for add! music entrepreneurs listen to my show to make more $! URL|
|music|,|AT_USER k i have a question about a song on glsd or the fourth album|
|music|,"|check out: wj gunning AT_USER author, artist, breast cancer survivor & aspirant to sustainable living. URL rn|"
|music|,"|gdansk airport. viola d'amore (12 strings, mostly metal) + kindle: lethal combination. security activates alerts. danger: music & books!|"
|music|,|nowplaying touch by little mix on URL music pop dance|
|music|,|this his best song and that's becausae teeflii on it lmao URL|
|music|,|AT_USER legit people fuckig send me random videos of the song. or like people legit call me eskimo|
|music|,|AT_USER taylor|
|music|,"|event am 15.04.2017 18:30 uhr: karting on ice in villars-sur-ollon, music container uster schweiz event URL|"
|music|,|nigga u taking nigerian music to a whole new level.......rexpect yah music AT_USER|
|music|,|please tell me how i know more rap music than a bunch of college kids???|
|music|,|i'm going to write a song about these cookie cutter chicks that have no brain or personality cuz it's really an epidemic out here|
|music|,|teyana taylor stripped completely naked for the most seductive photoshoot URL|
|music|,|AT_USER AT_USER free beats URL|
|music|,|teyana taylor stripped completely naked for the most seductive photoshoot URL|
|music|,|burning man sex pictures sex shooter music URL|
|music|,|teyana taylor stripped completely naked for the most seductive photoshoot URL|
|music|,|AT_USER do you know any artist that does not buy views?|
|music|,|omg my mom won't even remember if something like that happens URL|
|music|,"|a bird does not sing because it has an answer. it sings because it has a song."" - chinese proverb quote rwlsweightloss|"
|music|,|music is my only escape from thinking of you|
|music|,|guys just stop of this song really this is underrated af eurovision|
|music|,|anthem URL|
|music|,|ed sheeran reveals how eminem cured his stutter URL|
|music|,|ddark x nytz - tunnel vision [music video] URL|
|music|,|4 ideas from indie music tastemakers URL URL|
|music|,|somebody once said i reminded them of dorky taylor from you belong with me and that's probably the best comparison compliment i've received|
|music|,|AT_USER this song been my whole mood since my crush in the 5th grade|
|music|,|i'm sad i forgot how much i love this song URL|
|music|,|zuma URL|
|music|,|leaders like that come once in lifetime URL|
|music|,|AT_USER such a lilting song! love it! AT_USER AT_USER AT_USER|
|music|,"|oral,#anal,#teenmom,#mom,#cam: sandy haird busty bombshell taylor wane enjoys getting fucked doggy pose URL|"
|music|,"|just announced: columbus, oh - jun 28 at express live! URL|"
|music|,|lily i'm coming 2 how to be a boss: a guide to surviving life 2 meet u im ur biggest fan i luv ur song iviv & lej & sounds AT_USER|
|music|,"|can't help falling in love"" by elvis will always be a perfect song|"
|music|,"|boss of musiga take , if the thing is yellow we should say brown ? URL|"
|music|,|velkr0 is now listening to hearts just beat by hayden URL|
|music|,|bollywood wedding song lyrics URL|
|music|,|askraftaar you're love bro. i want to send you my song i just want you to listen it no matter if you reply or not. youre everything bro.|
|music|,|AT_USER okay but when i first watched this video i literally thought of you bc you're always listening to the song|
|music|,|i didnt have any plan to tcc until me and my boyfriend listened to day6's song all of a sudden|
|music|,"|want vulgar, young man ! i'm there- URL URL|"
|music|,|now playing waiting for the sun (feat. ascandra) [deep mix] by project blue sun! your music at URL|
|music|,|swear URL|
|music|,|AT_USER bitch that song haunts me|
|music|,|AT_USER it is 47 but something discovery channel song|
|music|,|song of the year... such a catchy tune URL|
|music|,"|just announced: pittsburgh, pa - jun 29 at stage ae URL|"
|music|,"|thanks god specially for tabla, dhol, naal, pakhawaj, ashiko, mridung and all types of drums. URL|"
|music|,|kaki king - can anyone who has heard this music really be... URL|
|music|,|the damn beat drop they hit a jump and shake a leg lmao URL|
|music|,"|lmaaaoo, aye. this dead ass me URL|"
|music|,|please listen to this song please. URL|
|music|,|those fucking silicone buds that the grammys + taylor swift is my favorite thing from 2017 so far|
|music|,|AT_USER omg. ... these trap artist are something else|
|music|,|eminem - lose yourself [hd] URL|
|music|,"|i heard a song from last summer, in my feelings all over again|"
|music|,"|a new favorite: lukka - layka ""out now!"" by AT_USER URL on soundcloud|"
|music|,"|AT_USER AT_USER i only like who i like and he ain't one of them peoples i like , but he do got that one cool song ...|"
|music|,"|i did the thing! went to a stage play music composition workshop today. luckily, i still remember a lot from my college days.|"
|music|,|why are we listening to country music|
|music|,"|for every problem, there is verse in a quran , not a song lyric|"
|music|,|np bibi bourelly - ballin (clean) URL australia urban music|
|music|,|my first fav song of jubi AT_USER URL|
|music|,|i live for the oldies when it comes to music|
|music|,|lil uzi xo tour life prolly my fav song|
|music|,|nowplaying jay soto - slammin' :: tune in : URL - buy it URL URL|
|music|,|stuck in a car listening to strictly 03 radio music help me pls.|
|music|,|i liked a AT_USER video URL joy division - love will tear us apart [official music video]|
|music|,"|AT_USER can ya'll tell me why it was only harrys song that had a glitch!? it's seriously not okay, it will affect the charts!!!!|"
|music|,|le re kebone go ena kebone phomolo thabo ele go morena ga ena phetogo - AT_USER music has always been part of my life.|
|music|,|flight of fancy 2. artforsale art artist gallery artprint limitededition URL 5|
|music|,|that moment you hear AT_USER lyrics being sung by another artist..|
|music|,|elf please rt] when supporting super junior i prefer to buy my music as ______|
|politics|,|my mvp vote: 1) westbrook 2) kawhi 3)ad 4) boogie 5) harden 449) lebron|
|politics|,|i voted for jemma summers. vote for your favorite model at URL via AT_USER AT_USER|
|politics|,|AT_USER AT_USER they are creepy and sick. we need to oust every single one of them next election. theresistance|
|politics|,|who's your favorite distillery tour? we hope wilderness trail. please vote for us at URL URL|
|politics|,|needed: a democratic shadow cabinet AT_USER URL|
|politics|,|let's get a pizza tonight URL|
|politics|,|AT_USER AT_USER AT_USER AT_USER AT_USER AT_USER AT_USER AT_USER AT_USER URL|
|politics|,|christiana figueres talking to the media promoting the mission2020 campaign to zero emissions at google in... URL|
|politics|,|fecteau: a responsibility to protect in syria URL URL|
|politics|,|AT_USER on a serious campaign trail of bulapesa in isiolo ahead of AT_USER primaries. AT_USER URL|
|politics|,|AT_USER vote him out!! vote him out!!!|
|politics|,|russia decries cancelled boris johnson visit and warns on further syria attacks URL|
|politics|,|we ask the question: is a trump presidency a good thing for american politics? URL|
|politics|,|i vote agnez mo on daf bama music awards 2017 AT_USER AT_USER AT_USER dafbama2017_agnezmo URL|
|politics|,|let's shook them!! URL|
|politics|,|cara delevingne is a trippy cartoon for chanel's gabrielle bag ad campaign: URL|
|politics|,"|i vote for justinbieber ""sorry"" heartbreak AT_USER|"
|politics|,"|boris johnson has 'cold war mentality' over syria, says corbyn. and he's right. URL|"
|politics|,|hey everyone go vote AT_USER URL|
|politics|,|us election 'hacking': russian man arrested in spain at request of american authorities URL|
|politics|,|AT_USER AT_USER AT_USER vote no on cali exit it's not in our best interest|
|politics|,|spain detains russian over alleged us vote hacking: source iran iranpower news URL|
|politics|,|ok bangtan is nominated for bma dont be a lazy ass and vote your asses off on may 1 they need to win okay teamwork makes dream work|
|politics|,"|AT_USER if you don't have a marketable skill, you shouldn't be allowed to vote or tweet.|"
|politics|,"|AT_USER why do u always make such ""stupid"" statements? u just don't respect any institution in india? URL|"
|politics|,|...toxic politics/toxified people. 1.713.535.7176|
|politics|,|gst fintech jadhav39;s death sentence should serve as warning: pak defence minister URL URL|
|politics|,|israeli minister praises u.s. strike on syria; sees opportunity to colonize golan heights of syria URL|
|politics|,|trump speaks with egyptian president on church bombings - washington post URL|
|politics|,"|AT_USER AT_USER it's stories like these that make me glad president trump won, and got his pick through to the supreme court.|"
|politics|,|more about sonora grill prime metepec URL|
|politics|,|spain's first female defence minister found dead in madrid aged 46 URL|
|politics|,|rice claim on syria chemical weapons gets 'four pinocchios' URL|
|politics|,|breaking: russian suspect in 2016 trump election interference arrested (details) URL via AT_USER report|
|politics|,|poland marks anniversary of president&39;s death in plane crash URL|
|politics|,|president trump attends the swearing-in ceremony of the honorable neil g... AT_USER AT_USER URL|
|politics|,"|bpd 911 dispatch: disorderly | e lombard st/s president st | mon, apr 10th 2017, 8:33 am | medium | p171000579|"
|politics|,|lol i don't even know why i have suddenly developed so much interest in world's politics. i read everything i come across|
|politics|,|americafirst does not apply to the family trump.. just all the other american businesses. kleptocracy URL|
|politics|,|isis was created by cia and mossad. politics war URL|
|politics|,|AT_USER AT_USER don't fight for isis fight against them! you aren't the israeli president|
|politics|,|taking notes from the dear leader of the neighbours to the north URL|
|politics|,"|maxine waters supports 100,000 more syrian refugees in usa - rep. maxine waters (d, calif.) slammed president d... URL|"
|politics|,|maga mr. alibi golfing again URL|
|politics|,|news flashbackfriday mihw poland marks anniversary of president's death in plane crash URL|
|politics|,|president uhuru kenyatta has launched website to showcase how he has been re-launching micro projects like bridges for 4 yrs gokdelivers|
|politics|,"|AT_USER AT_USER AT_USER not true, not all s.a's think that way, zuma will remain mine and your president until 2019|"
|politics|,"|senators differ on trump's use of military force, want congress part of future action | URL u should run 4 president|"
|politics|,"|AT_USER subah tn farmers naked, nanded farmers did atmahatya.. nda busy president election & a shivsena uddhav support farmers meet p.m|"
|politics|,|stockmarkets - multi year new highs and president trump URL|
|politics|,|video: president trump makes statement on syria URL|
